Title,Company,Location,Link
"AI/ML - Sr Software Engineer, Siri Experience",Apple,"Seattle, WA",https://stackoverflow.com/jobs?id=537421&q=python
Software Developer* – Conversational Artificial Intelligence AI,Fraunhofer-Institut für Integrierte Schaltungen IIS,"Erlangen, Deutschland",https://stackoverflow.com/jobs?id=529633&q=python
AI/ML Research Software Engineer,"JPMorgan Chase Bank, N.A.","London, UK",https://stackoverflow.com/jobs?id=538030&q=python
"AI/ML - iOS Software Engineer, Siri Experience",Apple,"Seattle, WA",https://stackoverflow.com/jobs?id=533409&q=python
Artificial Intelligence/Machine Learning Research Engineer,Applied Research Associates,"Raleigh, NC",https://stackoverflow.com/jobs?id=490152&q=python
DevOps Research Engineer AI Computing,Institut für KI in der Medizin (IKIM),"Essen, Germany",https://stackoverflow.com/jobs?id=462187&q=python
"AI/ML - Sr Software Engineer, Siri Expeditions",Apple,"Seattle, WA",https://stackoverflow.com/jobs?id=530078&q=python
Backend Engineer at a Series C startup in AI domain,Locus.sh,"Bengaluru, India",https://stackoverflow.com/jobs?id=536250&q=python
Vice President - Full stack Development Manager for AI Research Technology.,"JPMorgan Chase Bank, N.A.","East Windsor, NJ",https://stackoverflow.com/jobs?id=536947&q=python
Full Stack Engineer (AI Startup),Vouched,"Seattle, WA",https://stackoverflow.com/jobs?id=435257&q=python
"AI/ML - Machine Learning Engineer, Siri",Apple,"Seattle, WA",https://stackoverflow.com/jobs?id=523419&q=python
"AI/ML - Sr Data Engineer, Siri Data",Apple,"Cupertino, CA",https://stackoverflow.com/jobs?id=534251&q=python
"AI/ML - Machine Learning Researcher, Machine Learning Research",Apple,"Cupertino, CA",https://stackoverflow.com/jobs?id=439731&q=python
AI Engineer,Vorto,No office location,https://stackoverflow.com/jobs?id=452415&q=python
Experienced NLP AI Engineer (Viper Team),Scoville,"Shibuya City, Japan",https://stackoverflow.com/jobs?id=449434&q=python
"AI/ML - Sr Data Engineer, Siri Data",Apple,"Cupertino, CA",https://stackoverflow.com/jobs?id=537858&q=python
"AI/ML - Software Engineer, Information Intelligence",Apple,"Cupertino, CA",https://stackoverflow.com/jobs?id=526025&q=python
Executive Director - Product Manager - Artificial Intelligence Transformation,"JPMorgan Chase Bank, N.A.","Jersey City, NJ",https://stackoverflow.com/jobs?id=537816&q=python
"AI/ML - Ontologist, Siri Understanding",Apple,"Seattle, WA",https://stackoverflow.com/jobs?id=529644&q=python
"AI/ML - Software Engineer, Information Intelligence",Apple,"Cupertino, CA",https://stackoverflow.com/jobs?id=537879&q=python
Senior Applied Data Scientist/AI Lead - Athena Applied Intelligence - London,"JPMorgan Chase Bank, N.A.","London, UK",https://stackoverflow.com/jobs?id=537337&q=python
"Artificial Intelligence / Machine Learning, Lead",MITRE,"McLean, VA",https://stackoverflow.com/jobs?id=522061&q=python
Senior Backend Engineer - AI/ML Search/Recommendations/Personalization,Apple,"Seattle, WA",https://stackoverflow.com/jobs?id=537859&q=python
Experienced Software Engineer in an AI-Startup (all genders),Quality Match GmbH,"Heidelberg, Deutschland",https://stackoverflow.com/jobs?id=535479&q=python
Cloud Data Architect mit Flair für AI,ti&m AG,"Bern, Schweiz",https://stackoverflow.com/jobs?id=522336&q=python
"AI/ML - Senior Data Engineer, ML Platform & Technology",Apple,"Miami, FL",https://stackoverflow.com/jobs?id=535526&q=python
Senior Backend Engineer - AI/ML Search/Recommendations/Personalization,Apple,"Seattle, WA",https://stackoverflow.com/jobs?id=537859&q=python
"Staff Software Engineer, Applied AI",McD Tech Labs,"Mountain View, CA",https://stackoverflow.com/jobs?id=523807&q=python
AI Startup Team Lead Developer Opportunity!,IHS Markit - Project Ultra Violet,"Englewood, CO",https://stackoverflow.com/jobs?id=468511&q=python
Cloud Data Architect mit Flair für AI,ti&m AG,"Bern, Schweiz",https://stackoverflow.com/jobs?id=522336&q=python
"AI/ML - Software Engineer, Siri Understanding",Apple,"Shanghai, China",https://stackoverflow.com/jobs?id=537404&q=python
AI/ML - Mobile Frameworks Software Engineer,Apple,"Seattle, WA",https://stackoverflow.com/jobs?id=505613&q=python
Artificial Intelligence - Product Manager,"JPMorgan Chase Bank, N.A.","Columbus, OH",https://stackoverflow.com/jobs?id=536943&q=python
"AI/ML - ML Researcher (Speech Recognition), Siri Understanding",Apple,"Cambridge, MA",https://stackoverflow.com/jobs?id=530361&q=python
"AI/ML - Machine Learning Engineer, Information Intelligence",Apple,"Cupertino, CA",https://stackoverflow.com/jobs?id=537880&q=python
Machine Learning Data Scientist at AI FinTech,Itemize,No office location,https://stackoverflow.com/jobs?id=518771&q=python
Artificial Intelligence Product Owner,IHS Markit - Project Ultra Violet,"Englewood, CO",https://stackoverflow.com/jobs?id=481484&q=python
"Machine Learning Engineer AI, Advanced Analytics & Data",H & M Hennes & Mauritz GBC AB,"Stockholm, Sweden",https://stackoverflow.com/jobs?id=527524&q=python
"AI/ML - Sr Software Engineer, Siri Cross-Device Interactions",Apple,"Seattle, WA",https://stackoverflow.com/jobs?id=530076&q=python
Software Engineer - Build the next generation of AI platform,Signal AI,"London, UK",https://stackoverflow.com/jobs?id=246027&q=python
"AI/ML - Software Engineer, Siri Adoption Engineering",Apple,"Seattle, WA",https://stackoverflow.com/jobs?id=531095&q=python
Artificial Intelligence / Autonomy Engineer,MITRE,"McLean, VA",https://stackoverflow.com/jobs?id=523955&q=python
"Associate AI Scientist, Testing",Ordaos Bio,"New York, NY",https://stackoverflow.com/jobs?id=535772&q=python
"Cloud Software Developer (.NET, Microservices, Azure, C#, AI)",Outthink Ltd,No office location,https://stackoverflow.com/jobs?id=532928&q=python
"AI/ML - Sr Frontend Engineer, Siri Engineering Efficiency",Apple,"Seattle, WA",https://stackoverflow.com/jobs?id=536805&q=python
"Global Technology - VP, Data Scientist Lead - Applied AI","JPMorgan Chase Bank, N.A.","Jersey City, NJ",https://stackoverflow.com/jobs?id=536217&q=python
(Senior) AI Engineer (m/f/d),Xayn AG,"Berlin, Deutschland",https://stackoverflow.com/jobs?id=534039&q=python
Senior Backend Developer (4 - 8 years exp) for a Series C Startup in AI domain,Locus.sh,"Bengaluru, India",https://stackoverflow.com/jobs?id=270379&q=python
"AI/ML, Senior Operations Process Engineer - Business Planning",Apple,"Cupertino, CA",https://stackoverflow.com/jobs?id=525545&q=python
AI/ML - Annotation Analyst - Taiwanese Mandarin Language Specialist,Apple,Singapore,https://stackoverflow.com/jobs?id=376832&q=python
"Tech Lead AI FinTech (60% hands-on dev in Node, Python, APIs, AWS)",Itemize,No office location,https://stackoverflow.com/jobs?id=527018&q=python
"AI/ML - Sr Data Engineer, Siri Data",Apple,"Cupertino, CA",https://stackoverflow.com/jobs?id=537420&q=python
AI/ML - Annotation Analyst - Cantonese Specialist,Apple,"Shanghai, China",https://stackoverflow.com/jobs?id=333383&q=python
Full Stack Developer - Artificial Intelligence Based Techniques for Managing Client Data,"JPMorgan Chase Bank, N.A.","Jersey City, NJ",https://stackoverflow.com/jobs?id=535825&q=python
"AI/ML - Site Reliability Engineer (SRE), Siri Knowledge Platforms",Apple,"London, UK",https://stackoverflow.com/jobs?id=537865&q=python
"AI/ML - Technical Lead, Siri Memory & Cross-Device",Apple,"Seattle, WA",https://stackoverflow.com/jobs?id=526580&q=python
Senior Java Developer- Artificial Intelligence/Machine Learning,"Ciber Global, LLC","Dearborn, MI",https://stackoverflow.com/jobs?id=524748&q=python
"AI/ML - Sr Program/Product Manager, Machine Learning",Apple,"Seattle, WA",https://stackoverflow.com/jobs?id=537860&q=python
"Senior Software Engineers - AI, Analytics & Data",H & M Hennes & Mauritz GBC AB,"Stockholm, Sweden",https://stackoverflow.com/jobs?id=524983&q=python
Data Architect mit einem Flair für AI,ti&m AG,"Zürich, Schweiz",https://stackoverflow.com/jobs?id=522399&q=python
"AI/ML - Sr. Software Engineer (General Knowledge), Siri Search, Knowledge & Platform",Apple,"Seattle, WA",https://stackoverflow.com/jobs?id=537862&q=python
"AI/ML - Machine Learning Engineer (Speech Translation), Machine Translation",Apple,"Beijing, China",https://stackoverflow.com/jobs?id=537870&q=python
Machine Learning/AI Engineer (Genomics/Precision Medicine Specialist),Self Decode,No office location,https://stackoverflow.com/jobs?id=531123&q=python
"Work on Computer Science and AI/ML focused Tutorials (remote, part-time)",Baeldung,No office location,https://stackoverflow.com/jobs?id=526808&q=python
DEVELOPER – KÜNSTLICHE INTELLIGENZ (KI / AI) & MACHINE LEARNING (ML)  (M/W/D),collective mind solutions GmbH,"Leonberg, Deutschland",https://stackoverflow.com/jobs?id=529024&q=python
Mobile Software Engineer - Android (US),Sense,"Cambridge, MA",https://stackoverflow.com/jobs?id=537083&q=python
Software Engineer (HVM),Intel Corporation,"Kulim, Malaysia",https://stackoverflow.com/jobs?id=538188&q=python
Software Engineer,Mind Foundry,"Edinburgh, UK",https://stackoverflow.com/jobs?id=536065&q=python
Software Engineer,Mind Foundry,"Oxford, UK",https://stackoverflow.com/jobs?id=530149&q=python
"Senior Software Engineer, Product Infrastructure",Quantcast,"London, UK",https://stackoverflow.com/jobs?id=441759&q=python
ML Research Software Engineer x 2,Mind Foundry,"Oxford, UK",https://stackoverflow.com/jobs?id=534038&q=python
Software Engineer - CPU Simulator Team,Intel Corporation,"Haifa, Israel",https://stackoverflow.com/jobs?id=530381&q=python
Machine Learning Research Software Engineer,Mind Foundry,"Edinburgh, UK",https://stackoverflow.com/jobs?id=536072&q=python
Deep Learning Software Engineering Lead,Intel Corporation,"Santa Clara, CA",https://stackoverflow.com/jobs?id=528247&q=python
FPGA EDA Software Developer,Intel Corporation,"Toronto, ON, Canada",https://stackoverflow.com/jobs?id=530197&q=python
FPGA EDA Software Developer,Intel Corporation,"Toronto, ON, Canada",https://stackoverflow.com/jobs?id=530197&q=python
Software Engineer,Intel Corporation,"George Town, Malaysia",https://stackoverflow.com/jobs?id=538187&q=python
Cloud Software Performance Engineer,Intel Corporation,"Hillsboro, OR",https://stackoverflow.com/jobs?id=528554&q=python
Senior Software Engineer,Intel Corporation,"Bengaluru, India",https://stackoverflow.com/jobs?id=530847&q=python
Ethernet Technologies Software Applications Engineer - DPDK,Intel Corporation,"Hillsboro, OR",https://stackoverflow.com/jobs?id=530199&q=python
HPC Software Applications Engineer,Intel Corporation,"Hillsboro, OR",https://stackoverflow.com/jobs?id=531300&q=python
Software Engineer - Silicon Product Design,Intel Corporation,"Hillsboro, OR",https://stackoverflow.com/jobs?id=530198&q=python
Senior Software Engineer-Technology Enablement,Intel Corporation,"Seattle, WA",https://stackoverflow.com/jobs?id=531581&q=python
Software Development Engineer,Intel Corporation,"George Town, Malaysia",https://stackoverflow.com/jobs?id=530212&q=python
System Software Engineer,Intel Corporation,"George Town, Malaysia",https://stackoverflow.com/jobs?id=530211&q=python
"Staff Software Engineer, Inventory",Quantcast,"London, UK",https://stackoverflow.com/jobs?id=407770&q=python
"Senior Software Engineer, Real-time Bidding Platforms",Quantcast,"London, UK",https://stackoverflow.com/jobs?id=397334&q=python
Senior Full Stack Developer,Enote GmbH,"Berlin, Deutschland",https://stackoverflow.com/jobs?id=530337&q=python
Sr. Research Scientist,Intel Corporation,"Bengaluru, India",https://stackoverflow.com/jobs?id=530852&q=python
Software Engineer,Intel Corporation,"Hillsboro, OR",https://stackoverflow.com/jobs?id=530570&q=python
Software Architect,Intel Corporation,"Hillsboro, OR",https://stackoverflow.com/jobs?id=531586&q=python
Software Engineer in Secure Storage Team SK Hynix,Intel Corporation,"Gdańsk, Poland",https://stackoverflow.com/jobs?id=530851&q=python
Linux Graphics Software Engineer,Intel Corporation,"Hillsboro, OR",https://stackoverflow.com/jobs?id=531298&q=python
Software Validation Engineer - Networking,Intel Corporation,"Hillsboro, OR",https://stackoverflow.com/jobs?id=530202&q=python
Validation Engineer (SK Hynix),Intel Corporation,"Gdańsk, Poland",https://stackoverflow.com/jobs?id=530848&q=python
Deep Learning Software Architect,Intel Corporation,"Hillsboro, OR",https://stackoverflow.com/jobs?id=530196&q=python
Senior Linux Developer (Ethernet),Intel Corporation,"Gdańsk, Poland",https://stackoverflow.com/jobs?id=529940&q=python
Software Engineer,Intel Corporation,"Bengaluru, India",https://stackoverflow.com/jobs?id=530855&q=python
Software Cloud Telemetry Engineer,Intel Corporation,"Hillsboro, OR",https://stackoverflow.com/jobs?id=530191&q=python
Site Reliability Engineer,Intel Corporation,"Bengaluru, India",https://stackoverflow.com/jobs?id=530856&q=python
